{"losses": [[-6.513879776000977, -18.529829025268555, -19.345426559448242, -19.54989242553711, -19.59386444091797, -19.630699157714844, -19.697933197021484, -19.73528480529785, -19.71700096130371, -19.736352920532227, -19.375986099243164, -19.94363021850586, -19.748029708862305, -19.87633514404297, -19.72692108154297, -19.941640853881836, -19.83904266357422, -19.82526397705078, -19.968687057495117, -19.833850860595703, -19.799543380737305, -19.8834285736084, -19.933090209960938, -19.893539428710938, -19.863609313964844, -19.954801559448242, -19.858356475830078, -20.03688621520996, -19.934734344482422, -20.05082893371582, -19.96080780029297, -20.01548194885254, -19.972087860107422, -20.015140533447266, -19.88626480102539, -20.120779037475586, -19.95562744140625, -19.970365524291992, -20.131221771240234, -20.03769874572754, -20.01896858215332, -19.978862762451172, -20.143945693969727, -20.084312438964844, -19.881309509277344, -20.185535430908203, -20.079675674438477, -20.11858367919922, -19.926828384399414, -20.17531394958496, -20.129375457763672, -20.064159393310547, -20.073148727416992, -20.080066680908203, -20.14031410217285, -20.129613876342773, -20.09547233581543, -20.08879852294922, -20.077646255493164, -19.952659606933594, -20.22279930114746, -20.177169799804688, -20.182106018066406, -20.049137115478516, -20.16015625, -20.069101333618164, -20.159204483032227, -20.08432960510254, -20.246898651123047, -20.150089263916016, -20.175556182861328, -20.203590393066406, -20.089162826538086, -20.125823974609375, -20.232444763183594, -20.181989669799805, -20.139238357543945, -20.16355323791504, -20.248470306396484, -20.129159927368164, -20.259553909301758, -20.155704498291016, -20.195594787597656, -20.14156723022461, -20.20061683654785, -20.24462890625, -20.246463775634766, -20.150928497314453, -20.2196044921875, -20.252714157104492, -20.147844314575195, -20.157672882080078, -20.215696334838867, -20.288860321044922, -20.14730453491211, -20.30439567565918, -20.20970916748047, -20.316692352294922, -20.228357315063477, -20.28668975830078]], "rmses": [[0.08847255259752274, 0.017636990174651146, 0.013611188158392906, 0.012363153509795666, 0.01204873900860548, 0.011777207255363464, 0.011457406915724277, 0.011214075610041618, 0.011048517189919949, 0.011249943636357784, 0.012987065128982067, 0.009231984615325928, 0.011030023917555809, 0.010021666064858437, 0.010836998000741005, 0.009319222532212734, 0.010351505130529404, 0.010439475998282433, 0.009015584364533424, 0.010529627092182636, 0.010807271115481853, 0.010005864314734936, 0.009725908748805523, 0.009850217960774899, 0.010024113580584526, 0.009452858939766884, 0.010060976259410381, 0.008771497756242752, 0.009856597520411015, 0.008659913204610348, 0.009390970692038536, 0.0091684116050601, 0.00930028036236763, 0.00919407233595848, 0.009515256620943546, 0.007849793881177902, 0.009276884607970715, 0.009757548570632935, 0.008173050358891487, 0.009003575891256332, 0.009061519987881184, 0.00901478435844183, 0.007986708544194698, 0.008808816783130169, 0.009840995073318481, 0.007480505853891373, 0.008418598212301731, 0.008157261647284031, 0.00938673596829176, 0.0076461490243673325, 0.008168990723788738, 0.008558628149330616, 0.008622517809271812, 0.00848815031349659, 0.008309156633913517, 0.008280291222035885, 0.008302828297019005, 0.008307873271405697, 0.008558819070458412, 0.009191694669425488, 0.007260836660861969, 0.008077168837189674, 0.007904769852757454, 0.008756503462791443, 0.008010931313037872, 0.008760985918343067, 0.008026032708585262, 0.00859742145985365, 0.007187241688370705, 0.008143908344209194, 0.007917300797998905, 0.007563951890915632, 0.008493699133396149, 0.00809678714722395, 0.00717367697507143, 0.00777125870808959, 0.008159128949046135, 0.007873701862990856, 0.007234097924083471, 0.00828822236508131, 0.006918803323060274, 0.008089497685432434, 0.007826395332813263, 0.008087451569736004, 0.007450864650309086, 0.007098869886249304, 0.00716142263263464, 0.007741695269942284, 0.007399195805191994, 0.006987560074776411, 0.008124160580337048, 0.008001265116035938, 0.007182667497545481, 0.006615454331040382, 0.007957074791193008, 0.006574276834726334, 0.007431525271385908, 0.006321593187749386, 0.0073586273938417435, 0.006929900962859392]]}