{"losses": [[-5.844104766845703, -18.635852813720703, -19.575050354003906, -19.639772415161133, -19.65989112854004, -19.686155319213867, -19.8031005859375, -19.687820434570312, -19.782012939453125, -19.87538719177246, -19.846485137939453, -19.903057098388672, -19.854055404663086, -19.877174377441406, -19.81755256652832, -19.816694259643555, -19.969762802124023, -19.838382720947266, -20.023971557617188, -19.8310546875, -19.813766479492188, -19.8176212310791, -19.94508934020996, -19.964744567871094, -19.979341506958008, -19.915578842163086, -19.868244171142578, -19.991104125976562, -20.087961196899414, -19.86159896850586, -20.085866928100586, -20.063528060913086, -20.05904769897461, -20.015552520751953, -20.10888671875, -19.877294540405273, -20.182371139526367, -20.007741928100586, -20.09258270263672, -19.91965103149414, -20.144987106323242, -20.105005264282227, -20.08242416381836, -20.189746856689453, -19.93164825439453, -20.04119110107422, -20.014453887939453, -19.953954696655273, -20.207096099853516, -20.131072998046875, -20.202043533325195, -20.140823364257812, -20.093273162841797, -20.08346939086914, -20.21552848815918, -20.181753158569336, -20.082521438598633, -20.046358108520508, -20.149723052978516, -20.235721588134766, -20.203807830810547, -20.01076889038086, -20.184988021850586, -20.107547760009766, -20.141027450561523, -20.185932159423828, -20.2198543548584, -20.09872817993164, -20.13656997680664, -20.23227882385254, -20.158618927001953, -20.193592071533203, -20.21030044555664, -20.21352767944336, -20.152368545532227, -20.20179557800293, -20.273685455322266, -20.1164608001709, -20.192838668823242, -20.25111961364746, -20.219921112060547, -20.136547088623047, -20.243885040283203, -20.288219451904297, -20.272642135620117, -20.204565048217773, -20.243717193603516, -20.2890682220459, -20.266769409179688, -20.169355392456055, -20.297739028930664, -20.223079681396484, -20.212303161621094, -20.3140926361084, -20.299671173095703, -20.229228973388672, -20.218833923339844, -20.32931137084961, -20.28388023376465, -20.31729507446289]], "rmses": [[0.09296300262212753, 0.0173846073448658, 0.012645933777093887, 0.01259938906878233, 0.012121010571718216, 0.011773578822612762, 0.011140420101583004, 0.011901282705366611, 0.010992171242833138, 0.010372086428105831, 0.011045742779970169, 0.010476509109139442, 0.010291635058820248, 0.010365407913923264, 0.010916138999164104, 0.010496458038687706, 0.009540489874780178, 0.01084696501493454, 0.009102347306907177, 0.010680625215172768, 0.010183622129261494, 0.010593825951218605, 0.009914961643517017, 0.009466645307838917, 0.00922125019133091, 0.009780908934772015, 0.010372580960392952, 0.009590637870132923, 0.0083992974832654, 0.010700348764657974, 0.008528192527592182, 0.00879207905381918, 0.008923615328967571, 0.009160557761788368, 0.008296835236251354, 0.01013372652232647, 0.007494563702493906, 0.009470736607909203, 0.008494516834616661, 0.009910744614899158, 0.007792214397341013, 0.008377661928534508, 0.008593968115746975, 0.007649289444088936, 0.010033272206783295, 0.008891327306628227, 0.009041671641170979, 0.009250574745237827, 0.007243435829877853, 0.0082622729241848, 0.007849534042179585, 0.008217981085181236, 0.008566418662667274, 0.00879483949393034, 0.00730940792709589, 0.007756739854812622, 0.008515719324350357, 0.008674144744873047, 0.007616924121975899, 0.007490003015846014, 0.007308232132345438, 0.009171788580715656, 0.007684606593102217, 0.008108681067824364, 0.007818799465894699, 0.007552907802164555, 0.007215500343590975, 0.008375604636967182, 0.008122150786221027, 0.0073648723773658276, 0.008130094036459923, 0.007649958599358797, 0.007460950408130884, 0.007385991979390383, 0.008176415227353573, 0.007496619131416082, 0.007031364366412163, 0.008530787192285061, 0.007208524737507105, 0.0070436978712677956, 0.007432554382830858, 0.0082427728921175, 0.007085876539349556, 0.006778374779969454, 0.007172422483563423, 0.007627349346876144, 0.006957267876714468, 0.006760552525520325, 0.007153340149670839, 0.007773148361593485, 0.006600750610232353, 0.00727484654635191, 0.007655727677047253, 0.006554051302373409, 0.006666800007224083, 0.007356713525950909, 0.00729111535474658, 0.0064211152493953705, 0.006647692061960697, 0.006515811197459698]]}