{"initial_reset_timestamp": 1570233399.0938776, "timestamps": [1570233409.4872837], "episode_lengths": [200], "episode_rewards": [-200.0], "episode_types": ["t"]}