{"initial_reset_timestamp": 1570233146.0230541, "timestamps": [1570233146.903061], "episode_lengths": [10], "episode_rewards": [10.0], "episode_types": ["t"]}